Temperature,m2 average,m2 error 
3.00000,0.01130,0.00002
2.90000,0.01379,0.00003
2.80000,0.01751,0.00005
2.70000,0.02348,0.00006
2.60000,0.03512,0.00012
2.50000,0.06008,0.00025
2.40000,0.13786,0.00066
2.30000,0.36540,0.00152
2.20000,0.62571,0.00062
2.10000,0.75632,0.00026
2.00000,0.83140,0.00010
1.90000,0.88074,0.00007
1.80000,0.91577,0.00003
1.70000,0.94117,0.00002
1.60000,0.95975,0.00002
1.50000,0.97323,0.00001
