Temperature,m2 average,m2 error 
3.00000,0.00098,0.00000
2.90000,0.00000,0.00000
2.80000,0.00098,0.00000
2.70000,0.00000,0.00000
2.60000,0.00000,0.00000
2.50000,0.00000,0.00000
2.40000,0.00098,0.00000
2.30000,0.00879,0.00000
2.20000,0.00000,0.00000
2.10000,0.00000,0.00000
2.00000,0.00098,0.00000
1.90000,0.00098,0.00000
1.80000,0.00000,0.00000
1.70000,0.00098,0.00000
1.60000,0.00098,0.00000
1.50000,0.00000,0.00000
