Temperature,m2 average,m2 error 
3.00000,0.16906,0.00118
2.90000,0.19757,0.00126
2.80000,0.23885,0.00152
2.70000,0.28687,0.00171
2.60000,0.35410,0.00193
2.50000,0.43305,0.00184
2.40000,0.52372,0.00255
2.30000,0.61886,0.00280
2.20000,0.70387,0.00319
2.10000,0.78222,0.00290
2.00000,0.84402,0.00213
1.90000,0.88681,0.00208
1.80000,0.92089,0.00055
1.70000,0.94046,0.00270
1.60000,0.96172,0.00023
1.50000,0.97437,0.00020
